No,Score,Label,Xmin,Ymin,Xmax,Ymax,Correct
13,0.5016403198242188,Notwaza,100.42315673828125,169.33615112304688,136.18064880371094,229.699951171875,False
114,0.6729766130447388,Notwaza,77.08563995361328,161.53480529785156,102.30352020263672,209.6040802001953,False
115,0.629565417766571,Notwaza,77.25178527832031,161.00596618652344,103.02403259277344,210.1145477294922,False
268,0.6706322431564331,Notwaza,83.40662384033203,171.7640380859375,120.58808135986328,226.43392944335938,False
269,0.5882366299629211,Notwaza,83.53901672363281,170.79672241210938,120.66087341308594,227.41314697265625,False
297,0.5556628704071045,B-air,42.55592346191406,122.79768371582031,76.2965316772461,180.0266571044922,False
379,0.5279444456100464,F-throw,94.40068054199219,263.1191711425781,263.3975830078125,328.0197448730469,False
429,0.5603606104850769,Notwaza,73.81610870361328,170.36770629882812,110.94408416748047,219.66683959960938,False
430,0.6009474396705627,Notwaza,74.0184097290039,170.53781127929688,111.00028228759766,219.82537841796875,False
431,0.5107168555259705,Notwaza,74.48217010498047,167.9934539794922,110.41771697998047,220.4907684326172,False
432,0.5490650534629822,Notwaza,74.58049774169922,168.2518310546875,110.6003646850586,220.5870361328125,False
433,0.5612943172454834,Notwaza,76.05142974853516,170.04898071289062,109.55384063720703,219.97695922851562,False
434,0.5248676538467407,Notwaza,76.1681137084961,169.69361877441406,109.65235137939453,220.2324676513672,False
460,0.5534479022026062,Grab,118.68251037597656,271.481201171875,215.96128845214844,319.50738525390625,False
461,0.5373307466506958,Grab,120.05154418945312,271.3458557128906,214.84970092773438,319.4792785644531,False
492,0.5100153088569641,Grab,120.07257843017578,274.1969909667969,214.38653564453125,317.8764953613281,False
493,0.5394900441169739,Grab,119.68365478515625,274.04541015625,214.3658447265625,317.96484375,False
494,0.5529544949531555,Grab,122.11184692382812,272.2104797363281,216.2974853515625,318.2608337402344,False
495,0.5632115006446838,Grab,121.53555297851562,272.54791259765625,216.8646240234375,318.2716064453125,False
514,0.6921288967132568,Notwaza,84.91385650634766,153.193359375,114.51456451416016,223.7652587890625,False
515,0.6498286724090576,Notwaza,85.25289916992188,154.08120727539062,114.90707397460938,223.00357055664062,False
516,0.6064417958259583,Notwaza,84.89608001708984,151.32579040527344,114.7346420288086,222.8944854736328,False
517,0.6323720216751099,Notwaza,85.0831527709961,151.75735473632812,114.39855194091797,222.51992797851562,False
550,0.9392516016960144,Notwaza,71.65805053710938,166.9232635498047,109.50088500976562,222.45018005371094,False
551,0.9482866525650024,Notwaza,71.04068756103516,166.86297607421875,108.97318267822266,222.9334716796875,False
808,0.5217552781105042,Notwaza,192.896484375,288.49755859375,284.9165344238281,327.697021484375,False
810,0.5810077786445618,Notwaza,192.23077392578125,288.3228759765625,284.8738708496094,327.9261474609375,False
811,0.6233807802200317,Notwaza,192.27676391601562,288.033203125,284.7737731933594,327.85540771484375,False
1034,0.5626177787780762,Notwaza,86.88043212890625,150.2528839111328,116.03756713867188,221.60646057128906,False
1035,0.5629120469093323,Notwaza,86.89540100097656,150.25408935546875,116.01850891113281,221.60549926757812,False
1036,0.5612456798553467,Notwaza,86.86310577392578,150.20237731933594,116.03046417236328,221.6444854736328,False
1037,0.5594095587730408,Notwaza,86.86621856689453,150.22589111328125,116.02388763427734,221.62957763671875,False
1038,0.5637953281402588,Notwaza,86.86852264404297,150.25253295898438,116.08336639404297,221.62530517578125,False
1090,0.5838517546653748,Notwaza,85.44178009033203,151.69036865234375,116.7839126586914,218.861083984375,False
1091,0.55833500623703,Notwaza,84.96238708496094,151.42837524414062,116.69654846191406,219.37307739257812,False
1118,0.5208303928375244,Notwaza,83.91505432128906,152.69491577148438,118.16218566894531,218.93316650390625,False
1119,0.5939381122589111,Notwaza,84.32537078857422,152.8080291748047,117.57599639892578,219.1368865966797,False
1120,0.6084228157997131,Notwaza,85.34151458740234,151.5102996826172,117.79039764404297,218.7559356689453,False
1121,0.5765994191169739,Notwaza,85.1133041381836,152.25326538085938,118.7405776977539,217.71942138671875,False
1190,0.5498275756835938,Notwaza,86.36941528320312,153.86460876464844,119.70425415039062,216.72740173339844,False
1191,0.5161552429199219,Notwaza,86.48584747314453,153.62466430664062,119.6994857788086,216.43771362304688,False
1200,0.5875715017318726,Notwaza,84.80618286132812,151.86114501953125,119.50918579101562,218.73757934570312,False
1201,0.5264391899108887,Notwaza,84.9829330444336,151.52517700195312,119.2383041381836,218.84341430664062,False
1219,0.5199448466300964,Grab-blow,34.20652770996094,103.66605377197266,181.38247680664062,234.94232177734375,False
1224,0.5864372849464417,Side-B,98.67638397216797,55.62598419189453,137.60862731933594,80.73839569091797,False
1225,0.579367995262146,Side-B,98.58206176757812,55.76039123535156,137.8227081298828,80.71615600585938,False
1226,0.9003614783287048,Side-B,99.7453842163086,30.229122161865234,131.02020263671875,56.05702590942383,False
1227,0.9074010848999023,Side-B,99.7198486328125,30.3895263671875,131.4759063720703,56.05780029296875,False
1236,0.5774260759353638,D-air,75.79350280761719,182.06565856933594,135.0387420654297,222.2588653564453,False
1237,0.5469406843185425,D-air,75.66348266601562,182.12998962402344,135.19261169433594,222.30384826660156,False
1253,0.5437444448471069,Notwaza,88.59632873535156,160.49560546875,123.21859741210938,216.56539916992188,False
1259,0.504063069820404,Notwaza,85.09626007080078,150.40594482421875,119.75589752197266,219.19216918945312,False
1260,0.5010048747062683,Notwaza,85.11640167236328,150.5069122314453,120.2626724243164,219.9532928466797,False
1261,0.574105441570282,Notwaza,85.128173828125,150.36471557617188,120.11724853515625,220.13626098632812,False
1286,0.7140645980834961,D-throw,93.24858093261719,1.0111045837402344,142.29798889160156,114.58297729492188,False
1287,0.5729507207870483,D-throw,100.74267578125,21.296607971191406,137.68414306640625,89.0818099975586,False
1287,0.709250271320343,D-throw,93.25770568847656,0.706634521484375,142.263671875,115.02609252929688,False
1288,0.5298489928245544,D-throw,135.012451171875,9.922035217285156,171.40673828125,65.80571746826172,False
1289,0.5549101233482361,D-throw,134.75570678710938,10.309040069580078,171.52676391601562,65.84063720703125,False
1290,0.9192984104156494,D-throw,153.20709228515625,23.74555206298828,210.248291015625,62.647621154785156,False
1291,0.9205759763717651,D-throw,153.3014678955078,23.947200775146484,210.29112243652344,62.25740432739258,False
1300,0.5905176997184753,Down-B,169.53021240234375,27.995525360107422,203.41705322265625,88.11097717285156,False
1301,0.555665910243988,Down-B,169.40692138671875,28.200698852539062,203.51004028320312,87.97256469726562,False
1370,0.6523287296295166,Notwaza,106.70027160644531,130.09170532226562,167.8988800048828,238.41641235351562,False
1371,0.6158154606819153,Notwaza,106.90090942382812,129.78964233398438,168.214111328125,238.48580932617188,False
1372,0.5093764662742615,Down-B,197.36871337890625,286.5215148925781,284.52777099609375,326.3890686035156,False
1380,0.5254172086715698,Down-B,195.15631103515625,284.3990783691406,286.31683349609375,327.5592346191406,False
1381,0.5328720808029175,Down-B,195.71705627441406,284.0986022949219,285.9536437988281,328.2962341308594,False
1382,0.5906215310096741,Grab-blow,59.622928619384766,134.14859008789062,166.62232971191406,225.3189697265625,False
1383,0.6408874988555908,Grab-blow,61.29444885253906,133.7074737548828,165.0519256591797,224.39906311035156,False
1390,0.6706376075744629,Grab-blow,26.52033233642578,118.60877227783203,180.57110595703125,218.85504150390625,False
1391,0.6632750630378723,Grab-blow,28.535682678222656,120.37617492675781,178.13858032226562,217.0126190185547,False
1394,0.6734283566474915,Down-B,195.49095153808594,287.90765380859375,286.5307312011719,328.2669677734375,False
1395,0.6381025314331055,Down-B,195.55508422851562,288.14837646484375,286.45367431640625,328.1795654296875,False
1396,0.5303448438644409,Down-B,195.44419860839844,289.757568359375,286.4222412109375,325.72857666015625,False
1397,0.5323183536529541,Down-B,195.84548950195312,289.93939208984375,286.0629577636719,326.255615234375,False
1398,0.7229932546615601,Down-B,197.46185302734375,289.7662048339844,285.5771484375,326.6000061035156,False
1399,0.732280433177948,Down-B,197.02774047851562,289.7361145019531,285.79052734375,326.5252380371094,False
1400,0.7554712891578674,Down-B,198.91397094726562,289.614990234375,284.2010803222656,326.29931640625,False
1401,0.724992573261261,Down-B,198.3279266357422,289.7806701660156,284.59442138671875,326.3792419433594,False
1402,0.7087002396583557,Down-B,198.94393920898438,289.820556640625,284.0949401855469,327.24737548828125,False
1403,0.7225018739700317,Down-B,198.75267028808594,289.9385681152344,284.4745178222656,327.1131896972656,False
1404,0.5061748027801514,Down-B,198.08737182617188,290.7852783203125,284.29608154296875,327.0484619140625,False
1405,0.5173657536506653,Down-B,197.53890991210938,290.2883605957031,284.9452819824219,327.2828674316406,False
1408,0.5745750069618225,Down-B,196.51698303222656,290.30804443359375,285.4162902832031,326.682861328125,False
1409,0.5907632112503052,Down-B,196.75112915039062,285.9015197753906,281.87396240234375,330.9856872558594,False
1410,0.6823223233222961,Down-B,196.36602783203125,285.7298889160156,281.79705810546875,332.0587463378906,False
1411,0.6586634516716003,Down-B,196.21664428710938,285.8244323730469,282.0341491699219,331.9621887207031,False
1412,0.6589552760124207,Down-B,197.22067260742188,286.2316589355469,281.302978515625,329.8450012207031,False
1413,0.6035372018814087,Down-B,196.72586059570312,285.84564208984375,281.9307556152344,329.80621337890625,False
1414,0.6524621248245239,Down-B,192.03274536132812,289.33282470703125,290.2400817871094,328.35821533203125,False
1415,0.6208807826042175,Down-B,195.83238220214844,286.531982421875,282.7400207519531,330.581298828125,False
1416,0.6489532589912415,Down-B,190.97625732421875,289.8604431152344,292.06866455078125,328.3711242675781,False
1417,0.6354900598526001,Down-B,190.5266571044922,290.03668212890625,292.37725830078125,328.0498046875,False
1418,0.7379468679428101,Down-B,193.24444580078125,289.6039733886719,291.06976318359375,328.5226745605469,False
1419,0.7385278940200806,Down-B,194.123291015625,289.4686279296875,290.21337890625,328.018310546875,False
1420,0.558644711971283,D-throw,42.11181640625,127.47061157226562,105.32852172851562,229.69509887695312,False
1420,0.5717416405677795,Down-B,197.84909057617188,289.55267333984375,286.530517578125,325.68377685546875,False
1421,0.55161452293396,D-throw,41.622257232666016,127.69906616210938,105.38648986816406,229.78665161132812,False
1421,0.5615478754043579,Down-B,197.25588989257812,289.4574279785156,287.4748840332031,326.1910095214844,False
1426,0.504845380783081,Up-B,67.23367309570312,283.58538818359375,138.6704864501953,337.3502197265625,False
1432,0.5841814875602722,Grab-blow,11.411197662353516,153.79867553710938,107.64872741699219,247.4635009765625,False
1433,0.6170879602432251,Grab-blow,10.923553466796875,155.35910034179688,107.99952697753906,247.05563354492188,False
1444,0.8220760822296143,Grab-blow,75.8070297241211,127.58416748046875,209.84765625,231.00448608398438,False
1445,0.8617502450942993,Grab-blow,76.3362808227539,125.26627349853516,208.72695922851562,231.48468017578125,False
1456,0.668218195438385,Side-B,88.18788146972656,171.86143493652344,126.89344787597656,225.2658233642578,False
1457,0.6463567018508911,Side-B,88.40167999267578,171.84645080566406,126.7380142211914,225.87525939941406,False
1458,0.5296908020973206,Grab-blow,43.58884048461914,143.91993713378906,156.8178253173828,222.0662078857422,False
1459,0.5080990195274353,Grab-blow,43.15093994140625,143.59075927734375,157.3581085205078,222.26116943359375,False
1492,0.5005416870117188,Notwaza,88.9104995727539,149.7156524658203,119.8235092163086,217.8058319091797,False
1493,0.5087883472442627,Notwaza,88.74681091308594,149.41510009765625,120.07232666015625,218.17776489257812,False
1504,0.5125713348388672,Grab-blow,460.0859680175781,265.2958984375,583.1883544921875,345.055419921875,False
1505,0.5147980451583862,Grab-blow,460.739990234375,265.8630065917969,582.072265625,345.1357727050781,False
1506,0.5430957674980164,Grab-blow,464.07916259765625,260.7431640625,581.1315307617188,345.73431396484375,False
1507,0.5385385155677795,Grab-blow,463.0519104003906,260.65625,582.513916015625,345.50506591796875,False
1508,0.662222683429718,Grab-blow,459.5352783203125,261.3187561035156,587.220703125,343.7051696777344,False
1509,0.6344615817070007,Grab-blow,460.7067565917969,261.45782470703125,585.2139892578125,343.55328369140625,False
1542,0.5132270455360413,Grab-blow,458.3247985839844,268.2190856933594,595.2061157226562,336.5420837402344,False
1548,0.5306041240692139,Grab-blow,457.957275390625,264.6927185058594,601.2056884765625,339.5980529785156,False
1549,0.5372346043586731,Grab-blow,457.2088623046875,265.53564453125,601.0582275390625,338.1529541015625,False
1570,0.5231310725212097,Grab-blow,462.876220703125,261.9150085449219,591.806884765625,339.8420104980469,False
1724,0.5884349942207336,Grab-blow,459.58221435546875,264.1856994628906,597.9982299804688,339.2738342285156,False
1725,0.6144558191299438,Grab-blow,459.9441223144531,264.5835876464844,597.0635986328125,339.5864562988281,False
1729,0.516893208026886,D-throw,80.29193115234375,26.384992599487305,131.55526733398438,76.52925872802734,False
1740,0.5412097573280334,Down-B,193.36265563964844,285.20263671875,284.4053039550781,328.3104248046875,False
1742,0.7659217119216919,Down-B,192.85316467285156,284.36083984375,285.0279235839844,328.8631591796875,False
1743,0.7350308895111084,Down-B,193.1466064453125,284.19219970703125,284.72344970703125,329.44012451171875,False
1744,0.5299357175827026,Down-B,192.74546813964844,284.1828918457031,285.9227294921875,328.1725158691406,False
1745,0.5146450400352478,Down-B,193.40676879882812,284.51983642578125,285.12908935546875,327.82989501953125,False
1746,0.5439556837081909,Down-B,192.989990234375,285.0428466796875,285.3597412109375,326.9677734375,False
1747,0.5694390535354614,Down-B,193.1934814453125,285.20294189453125,285.01214599609375,327.06207275390625,False
1756,0.5625969767570496,Notwaza,194.35205078125,288.844482421875,282.7839050292969,329.93133544921875,False
1757,0.5074584484100342,Notwaza,194.194091796875,288.73870849609375,282.91741943359375,329.86346435546875,False
1760,0.51270592212677,Notwaza,192.43618774414062,286.8696594238281,284.5078125,330.4974060058594,False
1761,0.5247802138328552,Notwaza,192.78021240234375,286.67193603515625,284.2451477050781,330.418212890625,False
1762,0.757986843585968,Notwaza,194.48416137695312,287.669189453125,281.15777587890625,330.03192138671875,False
1763,0.6779276728630066,Notwaza,194.41598510742188,287.8028869628906,281.26446533203125,330.7251892089844,False
1768,0.5507887601852417,Notwaza,193.17938232421875,288.0887451171875,282.61993408203125,330.30072021484375,False
1769,0.562069833278656,Notwaza,193.36514282226562,288.0177001953125,282.5326843261719,330.01025390625,False
1770,0.6876835823059082,Notwaza,193.9595947265625,286.966796875,282.2638244628906,330.63909912109375,False
1771,0.6056635975837708,Notwaza,194.55882263183594,287.03009033203125,281.77435302734375,330.558837890625,False
1772,0.5117082595825195,Notwaza,193.51864624023438,287.27020263671875,282.29931640625,330.7705078125,False
1773,0.5508580207824707,Notwaza,193.68722534179688,286.8337097167969,282.51544189453125,330.7729797363281,False
1774,0.5336500406265259,Notwaza,193.01974487304688,286.21868896484375,282.3667297363281,329.49334716796875,False
1775,0.5194693803787231,Notwaza,192.63851928710938,286.10076904296875,282.8379211425781,329.47967529296875,False
1776,0.5546637177467346,Notwaza,191.86212158203125,285.3619079589844,283.9806213378906,329.6993103027344,False
1777,0.5388831496238708,Notwaza,191.96075439453125,285.0688171386719,283.7065734863281,329.7369079589844,False
1785,0.5030642151832581,Notwaza,196.2405548095703,286.2657470703125,279.67083740234375,327.4532470703125,False
1788,0.5271700024604797,Notwaza,196.77549743652344,287.557861328125,278.4779357910156,326.89385986328125,False
1789,0.5374529361724854,Notwaza,196.9116973876953,287.5624694824219,278.27337646484375,327.0151062011719,False
1792,0.6174838542938232,Notwaza,196.14456176757812,287.3893127441406,279.2891845703125,327.1307678222656,False
1793,0.6771466135978699,Notwaza,195.90289306640625,287.4565734863281,279.39056396484375,327.4145812988281,False
1794,0.6106410026550293,Notwaza,195.5379638671875,287.45916748046875,279.51458740234375,327.38397216796875,False
1795,0.5757749080657959,Notwaza,195.0037078857422,287.5208740234375,280.07073974609375,327.3076171875,False
1798,0.5621370673179626,Notwaza,195.68359375,286.35595703125,280.0487365722656,328.2989501953125,False
1799,0.5520041584968567,Notwaza,195.04037475585938,286.7769470214844,280.6104431152344,328.3345031738281,False
1802,0.6527236700057983,Notwaza,194.55123901367188,285.9085388183594,281.5588684082031,330.1365661621094,False
1803,0.6413009166717529,Notwaza,194.11273193359375,285.99798583984375,282.3228454589844,330.4129638671875,False
1804,0.6192269325256348,Notwaza,194.13026428222656,286.59393310546875,282.365478515625,330.2003173828125,False
1805,0.6605901718139648,Notwaza,194.09042358398438,286.6332702636719,281.894287109375,329.9333190917969,False
1806,0.5841106176376343,Notwaza,194.95199584960938,288.104248046875,281.37725830078125,329.04620361328125,False
1807,0.6098986864089966,Notwaza,194.605712890625,288.0098876953125,281.6059875488281,329.014892578125,False
1808,0.5214887857437134,Notwaza,195.24417114257812,287.8684387207031,281.0096740722656,329.3342590332031,False
1809,0.5568248629570007,Notwaza,195.12106323242188,287.8386535644531,281.4143371582031,329.0491027832031,False
1810,0.720260739326477,Notwaza,193.7253875732422,288.1328430175781,280.7956848144531,329.1281433105469,False
1811,0.7823271751403809,Notwaza,193.82391357421875,288.4479064941406,280.6146240234375,328.8568420410156,False
1812,0.64939945936203,Notwaza,194.723876953125,288.2212829589844,280.756591796875,329.1425476074219,False
1812,0.6197659373283386,Grab-blow,448.6131896972656,263.6778259277344,599.039306640625,342.2762756347656,False
1813,0.5604392886161804,Grab-blow,448.2659606933594,264.5919494628906,598.1007690429688,341.5732116699219,False
1813,0.6484445929527283,Notwaza,193.8183135986328,288.513427734375,280.9617614746094,328.60809326171875,False
1814,0.5247605443000793,Notwaza,194.84646606445312,288.7003479003906,281.1668701171875,329.3510437011719,False
1815,0.5017765760421753,Notwaza,194.15774536132812,288.7857971191406,281.172119140625,328.8580627441406,False
1817,0.5801560282707214,Notwaza,195.65765380859375,289.1418762207031,280.1660461425781,329.4042663574219,False
1818,0.887467622756958,Side-B,125.07205200195312,160.94857788085938,175.48153686523438,200.1732177734375,False
1819,0.878830075263977,Side-B,125.9781723022461,160.55905151367188,175.24612426757812,199.91867065429688,False
1820,0.697895348072052,Side-B,140.43504333496094,168.75990295410156,168.6770782470703,207.2044219970703,False
1821,0.7383281588554382,Side-B,140.1229705810547,168.90011596679688,169.08216857910156,207.39773559570312,False
1826,0.6524590849876404,Grab-blow,452.40362548828125,265.7089538574219,597.5215454101562,341.1163635253906,False
1826,0.6199628114700317,Notwaza,194.0753173828125,289.006591796875,281.47418212890625,329.01715087890625,False
1827,0.673833429813385,Grab-blow,450.8800048828125,265.07183837890625,597.3074951171875,341.759521484375,False
1828,0.9178392887115479,Side-B,130.87420654296875,168.37228393554688,180.19473266601562,211.40521240234375,False
1828,0.641807496547699,Grab-blow,451.13421630859375,265.445068359375,600.3190307617188,343.597900390625,False
1829,0.6944354772567749,Grab-blow,449.2289733886719,265.7734680175781,600.1588134765625,343.5869445800781,False
1829,0.9298468828201294,Side-B,130.85427856445312,168.16038513183594,180.64553833007812,211.5634002685547,False
1830,0.618592381477356,Grab-blow,448.7645568847656,266.3652648925781,601.0882568359375,341.7734069824219,False
1831,0.6460526585578918,Grab-blow,452.07965087890625,266.9873046875,599.4303588867188,343.43463134765625,False
1832,0.6743693351745605,Grab-blow,449.7822570800781,265.7205810546875,600.9384155273438,342.8201904296875,False
1833,0.6267623901367188,Grab-blow,450.23828125,265.231689453125,600.392578125,342.9031982421875,False
1835,0.5291471481323242,Grab-blow,449.16839599609375,265.3595886230469,597.5247192382812,341.9592590332031,False
1836,0.5795087218284607,Grab-blow,453.6949157714844,265.51629638671875,593.6448364257812,343.5733642578125,False
1837,0.5496800541877747,Grab-blow,452.4787292480469,265.7528381347656,593.3204956054688,342.8527526855469,False
1838,0.5662166476249695,Grab-blow,456.621337890625,267.76849365234375,594.1397705078125,342.962158203125,False
1839,0.6173092722892761,Grab-blow,458.6705322265625,266.87860107421875,592.8203125,344.06219482421875,False
1840,0.7196251749992371,Grab-blow,456.32000732421875,265.0766296386719,595.4603881835938,343.6415710449219,False
1841,0.6801874041557312,Grab-blow,455.6417541503906,265.99188232421875,595.177978515625,342.91888427734375,False
1842,0.7155812978744507,Grab-blow,456.33856201171875,266.574951171875,591.8027954101562,341.5638427734375,False
1843,0.6326566338539124,Grab-blow,454.56634521484375,267.4806823730469,592.6714477539062,341.3169250488281,False
1844,0.6625639796257019,Grab-blow,451.8668212890625,266.9193420410156,596.136962890625,340.7256164550781,False
1845,0.6483336687088013,Grab-blow,452.4508056640625,268.8313903808594,595.224609375,339.5816955566406,False
1846,0.765349268913269,Grab-blow,456.88922119140625,266.1708984375,595.0947875976562,341.69354248046875,False
1847,0.7508424520492554,Grab-blow,456.279541015625,265.9264221191406,595.7222900390625,341.7163391113281,False
1848,0.593331515789032,Grab-blow,455.0120544433594,265.9776916503906,596.7879638671875,342.9061584472656,False
1849,0.641642689704895,Grab-blow,456.2424621582031,266.22735595703125,595.0112915039062,342.6832275390625,False
1850,0.5358559489250183,Grab-blow,453.86163330078125,265.2799377441406,594.3567504882812,342.5737609863281,False
1851,0.5108400583267212,Grab-blow,451.506591796875,264.6695251464844,596.4400634765625,342.9316101074219,False
1852,0.5255111455917358,Grab-blow,455.17279052734375,267.0126647949219,594.7107543945312,342.3915100097656,False
1853,0.6017197966575623,Grab-blow,456.09918212890625,266.372802734375,593.5390014648438,343.0706787109375,False
1853,0.5436657071113586,Grab-blow,124.37042236328125,157.08468627929688,230.6878662109375,245.92214965820312,False
1854,0.6893893480300903,Grab-blow,459.5582580566406,266.88104248046875,589.0771484375,343.71807861328125,False
1855,0.7347471117973328,Grab-blow,461.6251220703125,267.4159240722656,586.369873046875,341.5509948730469,False
1856,0.6608076691627502,Grab-blow,457.4120788574219,268.75640869140625,593.0130615234375,343.5223388671875,False
1857,0.7103404402732849,Grab-blow,458.08087158203125,268.4986267089844,592.5468139648438,343.3362121582031,False
1860,0.5693498849868774,Grab-blow,462.22003173828125,268.2763366699219,585.4484252929688,339.1383972167969,False
1861,0.5324296951293945,Grab-blow,460.202392578125,269.2265319824219,585.529052734375,338.5519104003906,False
1893,0.5849269032478333,Notwaza,192.02066040039062,286.82965087890625,281.914794921875,328.041259765625,False
1894,0.6262873411178589,Notwaza,192.28375244140625,286.6864929199219,282.11712646484375,328.2969665527344,False
1914,0.584732711315155,Notwaza,195.13504028320312,286.83917236328125,280.75286865234375,329.18505859375,False
1919,0.5399389863014221,Notwaza,196.0543975830078,286.4772033691406,279.4137878417969,329.2762756347656,False
1929,0.5150988698005676,Notwaza,194.85995483398438,286.68951416015625,279.7435302734375,329.45819091796875,False
1930,0.6336287260055542,Notwaza,195.46304321289062,286.2904357910156,279.5136413574219,329.6247253417969,False
1931,0.525506854057312,Notwaza,195.533447265625,286.3009033203125,279.0294189453125,329.2705078125,False
1932,0.5399003028869629,Notwaza,195.8060302734375,286.4521789550781,279.2140808105469,329.7170104980469,False
1933,0.5244333148002625,Notwaza,196.233154296875,286.0912780761719,278.838623046875,329.4624328613281,False
1934,0.579822838306427,Notwaza,194.84893798828125,286.8813781738281,280.12005615234375,328.6073913574219,False
1935,0.5798541307449341,Notwaza,194.8742218017578,287.0094909667969,279.79132080078125,328.6315002441406,False
1936,0.5421736240386963,Notwaza,196.3419189453125,286.2552795410156,278.94622802734375,328.2148742675781,False
1937,0.6068384051322937,Notwaza,195.80580139160156,286.49237060546875,279.0838623046875,328.13421630859375,False
1938,0.5694690942764282,Notwaza,195.30215454101562,285.9997253417969,280.605224609375,329.1885681152344,False
1939,0.5139129161834717,Notwaza,194.61819458007812,286.3158874511719,280.8340148925781,328.8129577636719,False
2094,0.5968630313873291,Grab-blow,121.0683364868164,104.3409423828125,300.7298583984375,311.5567932128906,False
2095,0.6481050848960876,Grab-blow,117.45551300048828,105.00535583496094,304.57928466796875,311.0272216796875,False
2107,0.6550019979476929,Grab-blow,202.95782470703125,130.29931640625,353.473388671875,289.1258544921875,False
2108,0.6504930853843689,Grab-blow,204.95797729492188,129.73765563964844,351.1506042480469,289.02294921875,False
2110,0.5010063648223877,Grab-blow,198.51351928710938,124.36083984375,355.4720764160156,309.068115234375,False
2111,0.5293831825256348,Grab-blow,200.53900146484375,118.44509887695312,348.857177734375,291.76007080078125,False
2112,0.5038669109344482,Grab-blow,201.48855590820312,121.09796142578125,349.0594177246094,289.5718688964844,False
2157,0.5847973823547363,Grab-blow,180.3480987548828,73.88029479980469,375.55810546875,292.81884765625,False
2158,0.6276831030845642,Grab-blow,179.87493896484375,72.96957397460938,375.87127685546875,293.8580627441406,False
2175,0.5072419047355652,Notwaza,196.60687255859375,289.52142333984375,280.6821594238281,335.55108642578125,False
2176,0.5101304054260254,Notwaza,198.9873504638672,292.5479736328125,282.8334045410156,328.32977294921875,False
2211,0.5163831114768982,Notwaza,201.38449096679688,290.4947204589844,282.4622497558594,324.4114074707031,False
2270,0.5355616211891174,Down-B,198.0817108154297,289.09600830078125,283.82708740234375,327.8218994140625,False
2271,0.5087885856628418,Down-B,194.88116455078125,289.381591796875,286.79718017578125,329.1387939453125,False
2272,0.5300607681274414,Down-B,194.6807861328125,289.2945251464844,286.9637451171875,328.3699645996094,False
2286,0.5000674724578857,Grab-blow,225.7473907470703,133.22268676757812,295.65484619140625,238.94076538085938,False
2313,0.5902262926101685,Grab-blow,211.72967529296875,118.3827133178711,289.9028015136719,247.09683227539062,False
2314,0.5854254961013794,Grab-blow,210.95558166503906,119.88672637939453,290.3075256347656,245.412109375,False
2319,0.5780681371688843,Down-B,507.82635498046875,83.59500122070312,594.0369262695312,124.10844421386719,False
2320,0.540846049785614,Down-B,508.51153564453125,84.12892150878906,594.2494506835938,124.51512145996094,False
2321,0.6558462977409363,Down-B,506.61474609375,84.62092590332031,595.8563232421875,124.34078979492188,False
2322,0.6813911199569702,Down-B,507.2830810546875,84.3726577758789,594.9801025390625,123.5542221069336,False
2323,0.5966503620147705,Down-B,505.5627136230469,83.35484313964844,597.2799682617188,124.48167419433594,False
2324,0.6084464192390442,Down-B,505.607177734375,84.24807739257812,597.7703857421875,124.8509521484375,False
2325,0.7317978143692017,Down-B,510.0404052734375,83.78433227539062,598.1241455078125,122.96400451660156,False
2325,0.5692557692527771,Down-B,201.20404052734375,291.99554443359375,281.48016357421875,324.069091796875,False
2326,0.7461618185043335,Down-B,508.77520751953125,84.14764404296875,598.9628295898438,122.96305847167969,False
2326,0.5380851030349731,Down-B,200.84266662597656,292.16473388671875,281.77569580078125,324.11883544921875,False
2327,0.6894218921661377,Down-B,506.8597412109375,84.22053527832031,599.3265380859375,121.87371826171875,False
2327,0.7976900935173035,Down-B,199.55148315429688,291.61468505859375,283.57879638671875,322.92822265625,False
2328,0.8031112551689148,Down-B,199.20497131347656,291.580322265625,283.89404296875,323.34063720703125,False
2328,0.6767733693122864,Down-B,506.3194274902344,84.25939178466797,600.0,122.12056732177734,False
2329,0.6165603995323181,Down-B,511.29345703125,83.24491882324219,596.647216796875,122.23893737792969,False
2329,0.8036901950836182,Down-B,200.69049072265625,291.72259521484375,282.3744812011719,323.94537353515625,False
2330,0.6681020259857178,Down-B,510.5465087890625,83.71861267089844,597.2890625,122.38304138183594,False
2330,0.7820690274238586,Down-B,199.92953491210938,292.0102233886719,282.9942932128906,323.2835998535156,False
2331,0.8458768725395203,Down-B,201.89984130859375,291.51544189453125,281.7510681152344,322.21429443359375,False
2331,0.7344549298286438,Down-B,507.6267395019531,83.64338684082031,599.1297607421875,121.47726440429688,False
2332,0.8183315396308899,Down-B,201.57078552246094,291.7460632324219,281.6963195800781,322.0528259277344,False
2332,0.7481639981269836,Down-B,506.8056335449219,83.79696655273438,600.0089111328125,121.48504638671875,False
2333,0.8216997385025024,Down-B,203.6356964111328,291.4516296386719,279.81488037109375,321.7142639160156,False
2333,0.6632047891616821,Down-B,511.13153076171875,84.79690551757812,596.9765014648438,121.76411437988281,False
2334,0.6889286637306213,Down-B,511.29278564453125,84.66526794433594,596.2732543945312,121.90830993652344,False
2334,0.8190253376960754,Down-B,203.40023803710938,291.4991149902344,280.1106872558594,321.7189636230469,False
2335,0.6424002051353455,Down-B,511.61236572265625,84.87844848632812,596.5247192382812,121.62933349609375,False
2335,0.8161988854408264,Down-B,203.18597412109375,291.3472595214844,280.2657165527344,321.6823425292969,False
2336,0.6954349875450134,Down-B,510.9027099609375,84.71537780761719,596.413330078125,121.64064025878906,False
2336,0.8284381628036499,Down-B,203.2443389892578,291.4716796875,280.2899169921875,321.6221923828125,False
2337,0.8171513080596924,Down-B,203.61241149902344,291.5128479003906,279.8682556152344,321.6044616699219,False
2337,0.6576759815216064,Down-B,512.1373901367188,84.68867492675781,595.6185913085938,122.11404418945312,False
2338,0.6106380224227905,Down-B,513.0047607421875,85.43962860107422,596.158447265625,121.5116195678711,False
2338,0.8492826819419861,Down-B,203.81190490722656,291.4342346191406,279.84930419921875,321.8074035644531,False
2339,0.8069645166397095,Down-B,202.2071533203125,291.839111328125,280.7185363769531,321.35858154296875,False
2340,0.5231224298477173,Down-B,509.7865295410156,86.7269515991211,597.3026733398438,121.23493194580078,False
2340,0.842710554599762,Down-B,202.13339233398438,291.53814697265625,280.8030090332031,321.40771484375,False
2341,0.7625762820243835,Down-B,201.82501220703125,291.6119689941406,280.7042236328125,321.0444641113281,False
2342,0.7766019701957703,Down-B,202.2354736328125,291.50244140625,280.35711669921875,321.07464599609375,False
2343,0.7130765318870544,Down-B,201.54966735839844,291.4204406738281,280.8862609863281,321.2281188964844,False
2344,0.5097444653511047,Down-B,202.60855102539062,292.6843566894531,279.3872985839844,321.7147521972656,False
2345,0.5281652808189392,Down-B,202.69143676757812,292.6069641113281,279.3821105957031,322.0997619628906,False
2352,0.6341066360473633,Down-B,200.06031799316406,293.71051025390625,281.956298828125,325.2835693359375,False
2353,0.6209604144096375,Down-B,199.910400390625,294.1589050292969,282.0868225097656,325.5785217285156,False
2354,0.6658668518066406,Down-B,198.26214599609375,293.8754577636719,283.9044189453125,325.2712707519531,False
2355,0.6729943752288818,Down-B,198.42324829101562,293.8730773925781,283.7611083984375,325.8051452636719,False
2356,0.8064042925834656,Down-B,200.4140167236328,292.5063781738281,282.5606384277344,324.7156066894531,False
2356,0.8039963841438293,Grab-blow,213.41506958007812,151.22512817382812,329.3896789550781,262.67431640625,False
2357,0.6361925601959229,Down-B,202.34304809570312,292.4947509765625,280.2809143066406,324.8408203125,False
2358,0.6228571534156799,Down-B,202.3714599609375,292.6786804199219,280.0103454589844,325.0669250488281,False
2359,0.5618557333946228,Down-B,203.67950439453125,292.4121398925781,278.7712097167969,323.1033630371094,False
2360,0.5751336812973022,Down-B,203.47061157226562,292.41632080078125,279.1558837890625,323.2735595703125,False
2361,0.50604248046875,Down-B,202.71240234375,292.8668212890625,279.6357727050781,324.7652587890625,False
2362,0.5096542239189148,Down-B,202.5012664794922,292.61236572265625,279.9215087890625,324.60162353515625,False
2365,0.564728856086731,Down-B,202.64901733398438,291.81365966796875,279.564697265625,322.6888427734375,False
2366,0.5768945217132568,Down-B,202.89744567871094,291.613525390625,279.4857177734375,322.60009765625,False
2367,0.5099431872367859,Down-B,202.58778381347656,292.2786865234375,279.628662109375,322.339599609375,False
2369,0.5406699180603027,Down-B,203.53091430664062,291.7616882324219,278.9933776855469,322.9365539550781,False
2370,0.6676195859909058,Down-B,204.48080444335938,291.92230224609375,278.373291015625,321.054931640625,False
2371,0.6543842554092407,Down-B,204.50509643554688,292.03973388671875,278.2566223144531,321.1114501953125,False
2372,0.5792950987815857,Down-B,203.7220458984375,291.8135681152344,278.6267395019531,321.5494689941406,False
2373,0.5992192625999451,Down-B,203.00794982910156,292.0514221191406,279.5226135253906,321.4076232910156,False
2374,0.6023053526878357,Down-B,203.23773193359375,291.38067626953125,279.494384765625,321.40740966796875,False
2375,0.6202771663665771,Down-B,202.99916076660156,291.5024719238281,279.6903076171875,321.5043640136719,False
2376,0.5516676306724548,Down-B,203.0430908203125,292.3623962402344,279.5272521972656,319.8275451660156,False
2378,0.5185340642929077,F-throw,220.19168090820312,158.22210693359375,327.4511413574219,260.24847412109375,False
2378,0.5920794010162354,Down-B,200.26925659179688,292.39349365234375,282.2998352050781,322.00030517578125,False
2379,0.5462687015533447,F-throw,219.68817138671875,159.13299560546875,327.26507568359375,260.07257080078125,False
2379,0.5629004240036011,Down-B,201.3808135986328,292.32196044921875,281.3638000488281,321.59759521484375,False
2383,0.6384950876235962,Down-B,201.29212951660156,291.8789978027344,281.3575744628906,321.7275695800781,False
2384,0.6420002579689026,Down-B,200.70248413085938,292.1812744140625,281.9392395019531,321.673828125,False
2421,0.7353696823120117,B-air,286.6935729980469,29.810165405273438,309.8086242675781,87.5787124633789,False
2422,0.731447160243988,B-air,286.3984069824219,29.381546020507812,309.5252990722656,87.90013122558594,False
2471,0.5650497078895569,Down-B,203.00994873046875,290.5562744140625,278.2018737792969,320.2650146484375,False
2472,0.5290035605430603,Down-B,199.51687622070312,287.42529296875,279.0228271484375,322.92291259765625,False
2473,0.6363033652305603,Down-B,204.3785400390625,290.1797180175781,276.9161376953125,321.3998718261719,False
2474,0.6475306153297424,Down-B,204.5807647705078,290.0339050292969,276.8092956542969,321.3489074707031,False
2475,0.5544742345809937,Down-B,201.3414764404297,288.0016174316406,276.94537353515625,322.3249816894531,False
2476,0.5840476155281067,Down-B,201.1548309326172,288.2357482910156,277.105712890625,322.1386413574219,False
2478,0.5699025988578796,Side-B,295.4150695800781,97.59616088867188,321.5288391113281,118.19949340820312,False
2481,0.5935426950454712,Side-B,294.69219970703125,82.39550018310547,322.7373046875,104.13399505615234,False
2481,0.5143007636070251,Down-B,294.69219970703125,82.39550018310547,322.7373046875,104.13399505615234,False
2482,0.6145463585853577,Side-B,294.7955017089844,82.50517272949219,322.4591369628906,104.18348693847656,False
2485,0.5453211069107056,Side-B,294.6385498046875,75.32286834716797,323.36151123046875,96.69771575927734,False
2486,0.5405209064483643,Side-B,294.63934326171875,75.14167022705078,323.0859375,96.88468170166016,False
2498,0.5524500012397766,Down-B,199.46043395996094,285.8885803222656,276.0982971191406,318.2449035644531,False
2515,0.5784963965415955,Notwaza,198.50125122070312,290.08587646484375,277.9112854003906,320.76580810546875,False
2516,0.5180597901344299,Notwaza,198.61029052734375,290.04388427734375,277.58929443359375,321.08563232421875,False
2517,0.5879267454147339,Notwaza,199.09124755859375,290.1506042480469,277.5679626464844,321.7036437988281,False
2518,0.5889642834663391,Notwaza,198.5291290283203,290.3153991699219,278.2415771484375,321.8675842285156,False
2519,0.8206537365913391,Notwaza,200.38587951660156,289.778564453125,274.9422302246094,322.96319580078125,False
2520,0.8304542303085327,Notwaza,199.9606170654297,289.757080078125,275.4499816894531,323.17181396484375,False
2521,0.7993724346160889,Notwaza,203.38926696777344,289.0303039550781,272.75579833984375,323.0527038574219,False
2522,0.788708508014679,Notwaza,203.22552490234375,289.2081298828125,272.83258056640625,323.05511474609375,False
2523,0.6390567421913147,Notwaza,202.31591796875,288.9925537109375,274.248779296875,324.12152099609375,False
2524,0.5730137228965759,Notwaza,202.72149658203125,288.8064270019531,273.5743713378906,323.8951721191406,False
2525,0.7545084953308105,Notwaza,201.77452087402344,288.5498046875,274.27880859375,325.716064453125,False
2526,0.7762595415115356,Notwaza,201.77090454101562,288.4969482421875,274.3273620605469,325.33245849609375,False
2527,0.6586924195289612,Notwaza,200.9305419921875,288.738037109375,274.7912902832031,326.299560546875,False
2528,0.6912847757339478,Notwaza,201.07595825195312,288.7475280761719,274.30908203125,326.3285217285156,False
2529,0.6544833183288574,Notwaza,197.9541778564453,289.4397888183594,278.2196960449219,324.8389587402344,False
2530,0.5980798602104187,Notwaza,198.69406127929688,289.17205810546875,277.59173583984375,324.92681884765625,False
2531,0.6607070565223694,Notwaza,194.54193115234375,290.3580322265625,281.9789733886719,325.05206298828125,False
2532,0.5257137417793274,Notwaza,195.2928466796875,290.6209716796875,281.54266357421875,324.89068603515625,False
2533,0.5232343673706055,Notwaza,192.14288330078125,289.6980895996094,285.078369140625,324.8888854980469,False
2534,0.5237061977386475,Notwaza,192.3867950439453,289.3803405761719,285.0684509277344,324.6454772949219,False
2539,0.7175614237785339,Notwaza,198.3470916748047,291.8231506347656,284.16033935546875,323.5485534667969,False
2540,0.7124113440513611,Notwaza,198.31594848632812,291.7784118652344,284.044921875,323.4662170410156,False
2543,0.6532533168792725,Grab-blow,239.11024475097656,162.86911010742188,374.47003173828125,327.0902404785156,False
2544,0.6315009593963623,Grab-blow,238.3907928466797,164.8916015625,375.13330078125,325.5249328613281,False
2589,0.7253060936927795,Side-B,283.7269287109375,59.37419128417969,311.70477294921875,90.26904296875,False
2589,0.5009375214576721,B-air,422.72723388671875,51.00841522216797,466.790283203125,74.29817962646484,False
2590,0.7123268842697144,Side-B,283.73724365234375,59.37720489501953,311.67779541015625,90.28504180908203,False
2591,0.5027338266372681,Down-B,434.5290222167969,24.31557846069336,474.5577697753906,51.833553314208984,False
2592,0.5028104186058044,Down-B,434.5362854003906,24.306888580322266,474.6138610839844,51.7943000793457,False
2656,0.6467940211296082,F-smash,399.7079162597656,67.32078552246094,450.4587707519531,109.72911071777344,False
2664,0.5214400291442871,F-smash,398.65863037109375,69.67288208007812,452.3709716796875,107.71575927734375,False
2666,0.6114866137504578,F-smash,399.1141662597656,69.73643493652344,451.6091003417969,107.29107666015625,False
2671,0.5420173406600952,Down-B,304.8965148925781,59.97021484375,326.2914733886719,112.93885803222656,False
2672,0.5240074992179871,Down-B,305.0529479980469,59.975830078125,326.4393615722656,113.07011413574219,False
2677,0.5788345336914062,Down-B,301.3663330078125,75.07159423828125,328.18743896484375,131.74951171875,False
2678,0.5554441213607788,Down-B,301.24981689453125,75.1737289428711,328.16046142578125,131.53054809570312,False
2705,0.6917969584465027,F-smash,398.9733581542969,72.03620910644531,451.7085266113281,109.47760009765625,False
2706,0.721724808216095,F-smash,398.64739990234375,71.86998748779297,451.8734130859375,109.29212188720703,False
2709,0.5156910419464111,F-smash,398.20166015625,70.7027359008789,450.202392578125,109.42565155029297,False
2728,0.527742862701416,F-smash,394.4303283691406,72.55860900878906,447.3525695800781,107.77999877929688,False
2729,0.5119496583938599,F-smash,395.3045654296875,73.73333740234375,447.0079345703125,108.134521484375,False
2731,0.6585467457771301,F-smash,395.5223388671875,73.19279479980469,446.387939453125,107.04144287109375,False
2732,0.5555457472801208,F-smash,395.4269714355469,72.69051361083984,446.6217346191406,107.43961334228516,False
2737,0.6596524119377136,F-smash,395.6690979003906,72.5084228515625,446.6959533691406,108.93576049804688,False
2738,0.5819606184959412,F-smash,395.6940002441406,72.97917175292969,446.5552062988281,108.59104919433594,False
2739,0.6320133805274963,F-smash,394.8949890136719,72.6236572265625,447.0933532714844,107.81082153320312,False
2740,0.6480297446250916,F-smash,394.7520751953125,73.1163330078125,447.2283935546875,108.0260009765625,False
2741,0.5458407998085022,F-smash,395.6005554199219,72.97898864746094,447.5482482910156,108.79756164550781,False
2742,0.546627402305603,F-smash,395.31768798828125,72.79469299316406,447.17828369140625,108.73162841796875,False
2743,0.638289749622345,F-smash,395.92388916015625,71.4698715209961,447.55474853515625,109.71135711669922,False
2744,0.6291112899780273,F-smash,395.2858581542969,71.27930450439453,447.7757873535156,109.72403717041016,False
2745,0.5326249003410339,F-smash,395.6374816894531,73.31246185302734,447.6227722167969,108.91704559326172,False
2746,0.5098221898078918,F-smash,395.0397644042969,73.44497680664062,448.0548400878906,109.14814758300781,False
2749,0.5716838836669922,F-smash,394.575927734375,73.06568908691406,447.9644775390625,108.95156860351562,False
2752,0.5274655222892761,F-smash,394.7344055175781,73.95771789550781,447.9993591308594,108.24119567871094,False
2755,0.5883529186248779,F-smash,395.26556396484375,72.99626922607422,447.4339599609375,108.70162200927734,False
2756,0.5502265691757202,F-smash,395.54864501953125,72.86508178710938,447.70758056640625,109.18217468261719,False
2761,0.5014030933380127,F-smash,395.37060546875,72.92025756835938,447.879638671875,109.54708862304688,False
2765,0.5078340768814087,F-smash,395.6561279296875,73.85672760009766,447.43536376953125,109.0627670288086,False
2767,0.5364764928817749,F-smash,396.4618225097656,72.73980712890625,446.8689880371094,108.99127197265625,False
2768,0.5092605352401733,F-smash,396.27203369140625,73.34120178222656,446.97515869140625,108.7059326171875,False
2769,0.5739080309867859,F-smash,396.36297607421875,70.6651840209961,447.55279541015625,112.61695098876953,False
2770,0.511747419834137,F-smash,396.1252136230469,71.7656478881836,447.8478698730469,111.81024932861328,False
2775,0.5623157620429993,F-smash,397.2306823730469,73.43350982666016,445.5421447753906,108.27425384521484,False
2790,0.5385429859161377,F-smash,396.696533203125,71.72453308105469,446.39093017578125,109.42982482910156,False
2797,0.5370437502861023,F-smash,396.6466369628906,72.69122314453125,445.9064636230469,109.09201049804688,False
2799,0.5515246391296387,F-smash,396.2421569824219,73.27444458007812,445.6209411621094,107.84463500976562,False
2812,0.5495570302009583,F-smash,393.6922607421875,73.511962890625,447.74664306640625,106.76600646972656,False
2813,0.5794954299926758,F-smash,393.2886962890625,73.11006164550781,448.0557861328125,107.40803527832031,False
2814,0.5124978423118591,F-smash,393.9754943847656,73.03605651855469,447.1914978027344,107.56645202636719,False
2815,0.5662386417388916,F-smash,394.0694885253906,73.7402572631836,447.6062316894531,107.0758285522461,False
2816,0.565869152545929,F-smash,393.9885559082031,73.60853576660156,447.2648620605469,107.337646484375,False
2817,0.5776610374450684,F-smash,394.1045837402344,72.01441955566406,446.6026916503906,108.72639465332031,False
2820,0.5816045999526978,F-smash,393.5876770019531,73.68051147460938,447.2745666503906,108.83000183105469,False
2835,0.5051369667053223,Grab-blow,69.20608520507812,277.1157531738281,151.58522033691406,323.6219787597656,False
2836,0.5045117139816284,Grab-blow,69.2459945678711,277.0025329589844,151.58172607421875,323.9372863769531,False
2853,0.5444222688674927,F-smash,385.4537048339844,72.40351867675781,433.0390319824219,109.99247741699219,False
2853,0.5062324404716492,Down-B,198.11605834960938,288.37786865234375,279.3886413574219,328.14691162109375,False
2853,0.5015013217926025,F-throw,92.6117172241211,267.23443603515625,263.94403076171875,338.88604736328125,False
2854,0.5248422026634216,F-smash,385.75933837890625,72.95909118652344,432.59515380859375,109.98561096191406,False
2854,0.5387394428253174,F-throw,93.345703125,267.8956604003906,263.0723571777344,338.2320861816406,False
2854,0.5752289295196533,Down-B,201.19985961914062,291.3278503417969,279.856689453125,325.2030334472656,False
2856,0.5063991546630859,D-throw,278.65313720703125,75.64729309082031,347.82421875,124.66580200195312,False
2863,0.7250540852546692,F-smash,381.86676025390625,73.04794311523438,435.36383056640625,110.19760131835938,False
2864,0.7353193759918213,F-smash,382.1758728027344,73.14155578613281,435.2496643066406,110.09120178222656,False
2873,0.5078667402267456,F-smash,393.8106994628906,71.36943054199219,446.0801696777344,109.64694213867188,False
2877,0.5580075979232788,F-smash,394.8122253417969,72.61595916748047,446.1667175292969,109.14344024658203,False
2883,0.7631682753562927,B-air,271.0423889160156,38.73119354248047,289.9949645996094,103.66100311279297,False
2884,0.7708860635757446,B-air,271.3213806152344,39.20314407348633,290.1245422363281,103.71690368652344,False
2887,0.738065779209137,Down-B,267.684326171875,50.820064544677734,289.16680908203125,113.87985229492188,False
2888,0.7481898069381714,Down-B,267.5853271484375,50.41832733154297,289.076171875,114.28943634033203,False
2893,0.6054493188858032,Down-B,198.88339233398438,288.5061950683594,287.1388854980469,325.9674987792969,False
2893,0.8328263759613037,Down-B,264.25341796875,64.55762481689453,289.25970458984375,139.64224243164062,False
2894,0.85664302110672,Down-B,264.3009033203125,64.93278503417969,289.195556640625,139.20896911621094,False
2894,0.6135886311531067,Down-B,198.39813232421875,288.54510498046875,286.96807861328125,325.75262451171875,False
2895,0.774666428565979,Down-B,198.96810913085938,288.7288818359375,286.2909851074219,325.9415283203125,False
2896,0.7767841219902039,Down-B,198.817626953125,288.75018310546875,286.2632141113281,325.86553955078125,False
2897,0.5050452351570129,Down-B,199.79673767089844,288.31695556640625,285.7626647949219,325.23590087890625,False
2897,0.5451246500015259,F-smash,395.3879699707031,71.61189270019531,452.9010314941406,109.21211242675781,False
2898,0.5169125199317932,F-smash,396.0327453613281,70.17971801757812,452.8782043457031,109.45269775390625,False
2900,0.5043140053749084,Down-B,200.09410095214844,288.2400817871094,284.84027099609375,325.3896179199219,False
2901,0.5002190470695496,Down-B,200.02182006835938,288.2475891113281,284.9658508300781,325.3801574707031,False
2902,0.5023190975189209,Down-B,200.34786987304688,288.2437438964844,285.1124267578125,325.2312316894531,False
2903,0.5182080864906311,F-smash,396.69610595703125,71.3801498413086,452.9656982421875,109.4992904663086,False
2903,0.5068128705024719,Down-B,199.465087890625,287.7943420410156,285.21661376953125,326.1878356933594,False
2908,0.7262651324272156,Down-B,200.2486572265625,289.33868408203125,282.83453369140625,324.07470703125,False
2908,0.6516081690788269,F-smash,396.4093933105469,71.72164916992188,454.5432434082031,108.45887756347656,False
2909,0.7219703793525696,Down-B,200.1458740234375,289.0755920410156,282.90045166015625,324.3711853027344,False
2909,0.5817247629165649,F-smash,396.0416259765625,72.08287048339844,454.715087890625,108.40567016601562,False
2910,0.5832696557044983,F-smash,397.6668701171875,72.19732666015625,452.89813232421875,109.00334167480469,False
2910,0.5748562216758728,Down-B,200.7255859375,288.45294189453125,282.66058349609375,324.1446533203125,False
2911,0.5244975686073303,Down-B,200.669921875,288.3921813964844,282.699462890625,324.2593688964844,False
2912,0.6431460976600647,Down-B,200.17433166503906,288.0841369628906,283.2698974609375,325.7375793457031,False
2913,0.6361507773399353,Down-B,200.72926330566406,288.1134948730469,282.5921936035156,325.6761169433594,False
2914,0.6103909611701965,Down-B,201.21963500976562,288.7713928222656,281.5245666503906,324.9527282714844,False
2915,0.6701457500457764,Down-B,200.40731811523438,288.73553466796875,282.8538513183594,324.63909912109375,False
2916,0.6263365149497986,Down-B,201.31729125976562,288.6701354980469,282.1444091796875,324.6576843261719,False
2917,0.5895783305168152,Down-B,200.94627380371094,288.7464294433594,282.3612365722656,324.4599304199219,False
2918,0.6373761296272278,Down-B,202.48890686035156,288.6455383300781,281.2200012207031,324.8940124511719,False
2919,0.6263701915740967,Down-B,201.83499145507812,288.4831237792969,281.8401794433594,325.1015930175781,False
2920,0.5244864821434021,Down-B,199.91073608398438,289.2191162109375,284.69952392578125,324.5115966796875,False
2921,0.562233030796051,Grab-blow,218.19625854492188,107.95726776123047,329.0180358886719,363.09210205078125,False
2922,0.5375076532363892,Grab-blow,217.89718627929688,108.20952606201172,328.1687927246094,363.5982666015625,False
2923,0.5546459555625916,Down-B,199.5357666015625,289.39605712890625,286.74041748046875,324.914306640625,False
2923,0.6555687189102173,Grab-blow,176.87625122070312,134.53659057617188,364.9740905761719,295.1724853515625,False
2923,0.5032753944396973,F-smash,399.8555908203125,72.99305725097656,450.948974609375,109.30715942382812,False
2924,0.6666007041931152,Grab-blow,176.49322509765625,132.2042999267578,365.47283935546875,299.1451416015625,False
2927,0.5458948612213135,F-smash,399.7171325683594,73.95209503173828,450.5597229003906,109.36193084716797,False
2929,0.5122971534729004,Grab-blow,324.0580749511719,189.5338134765625,473.4743347167969,307.9517517089844,False
2929,0.5071244239807129,Down-B,196.2249298095703,288.6362609863281,289.16741943359375,323.0053405761719,False
2930,0.5185500383377075,Down-B,196.13330078125,288.67987060546875,289.19073486328125,323.005126953125,False
2930,0.5160234570503235,Grab-blow,323.8563232421875,188.2703399658203,474.0482177734375,309.5025329589844,False
2932,0.6068276166915894,F-smash,398.4104309082031,72.36905670166016,452.1968078613281,109.28641510009766,False
2933,0.657770574092865,F-smash,398.2479248046875,72.22669219970703,452.3934326171875,109.15886688232422,False
2938,0.6110946536064148,F-smash,396.5552978515625,72.0046157836914,453.52691650390625,109.09326934814453,False
2945,0.5597648620605469,Down-B,196.90281677246094,288.8761901855469,290.92315673828125,326.0719299316406,False
2946,0.5727564096450806,Down-B,196.21905517578125,288.9445495605469,291.4986267089844,326.1542053222656,False
2947,0.555243194103241,Down-B,195.5401153564453,288.9000244140625,291.2035217285156,326.572021484375,False
2948,0.5537043213844299,Down-B,195.6252899169922,288.7639465332031,290.861328125,326.7575988769531,False
2949,0.5203041434288025,Down-B,194.6197967529297,288.8380126953125,290.035888671875,326.7950439453125,False
2950,0.5098066926002502,Down-B,193.928955078125,288.8975524902344,290.6131896972656,327.0612487792969,False
2952,0.5301317572593689,Down-B,194.82838439941406,288.8777160644531,289.35546875,327.5927429199219,False
2967,0.5170918703079224,Down-B,197.0166778564453,287.9610595703125,285.7174072265625,326.25408935546875,False
2969,0.5707319378852844,Down-B,196.83657836914062,288.5528869628906,286.0935363769531,325.9274597167969,False
2970,0.5867674350738525,Down-B,196.74354553222656,288.4601745605469,286.136962890625,325.9906921386719,False
2995,0.5067699551582336,Grab-blow,220.16107177734375,153.32846069335938,338.3104248046875,259.96636962890625,False
3011,0.6399015188217163,Grab-blow,171.95065307617188,120.66624450683594,319.81280517578125,364.42230224609375,False
3012,0.6471782922744751,Grab-blow,173.85903930664062,118.33832550048828,318.14422607421875,367.635498046875,False
3045,0.5320963859558105,Grab-blow,246.5396728515625,165.09878540039062,364.97442626953125,269.9225158691406,False
3046,0.5481155514717102,Grab-blow,246.056640625,165.001953125,364.59674072265625,269.16876220703125,False
3057,0.8273333311080933,Grab-blow,173.5343017578125,126.74281311035156,370.6109619140625,293.65667724609375,False
3058,0.8291033506393433,Grab-blow,174.32444763183594,129.0189208984375,370.511962890625,291.6413879394531,False
3067,0.584807813167572,Grab-blow,171.54171752929688,68.37527465820312,389.2398986816406,404.50701904296875,False
3068,0.5979778170585632,Grab-blow,171.06781005859375,74.99009704589844,389.97821044921875,396.92694091796875,False
3091,0.626802921295166,Grab-blow,247.01614379882812,163.64883422851562,365.3263854980469,268.3874816894531,False
3092,0.5922067761421204,Grab-blow,246.2805938720703,163.42062377929688,365.64166259765625,269.2981872558594,False
3109,0.539406418800354,Grab-blow,186.0940399169922,124.10413360595703,367.13189697265625,312.6285705566406,False
3135,0.5077090859413147,Grab-blow,215.15484619140625,142.17816162109375,390.5401611328125,286.57232666015625,False
3137,0.507675051689148,Grab-blow,210.16940307617188,141.900146484375,380.2405090332031,272.2962341308594,False
3147,0.5029090642929077,Grab-blow,218.93399047851562,114.09524536132812,346.2294616699219,349.8936767578125,False
3148,0.5413390398025513,Grab-blow,214.9724884033203,113.19903564453125,349.96234130859375,352.9193420410156,False
3151,0.7901623249053955,Grab-blow,245.18801879882812,161.87757873535156,360.9233703613281,262.5563049316406,False
3152,0.781366229057312,Grab-blow,244.72702026367188,162.31439208984375,360.8659973144531,261.7104797363281,False
3155,0.6708729267120361,Grab-blow,233.84608459472656,137.73272705078125,360.4496765136719,294.84893798828125,False
3156,0.653041422367096,Grab-blow,233.48617553710938,138.23275756835938,360.7143249511719,294.809814453125,False
3157,0.6806432604789734,Grab-blow,247.91595458984375,95.14106750488281,359.51165771484375,258.6187744140625,False
3158,0.6852694153785706,Grab-blow,246.1459197998047,93.88691711425781,361.04998779296875,259.21148681640625,False
3159,0.7101693749427795,Grab-blow,198.544677734375,129.51568603515625,359.7808837890625,308.604736328125,False
3160,0.6871845722198486,Grab-blow,201.0001220703125,131.00399780273438,357.81573486328125,307.1025390625,False
3161,0.8261328935623169,Grab-blow,198.55258178710938,87.525390625,353.1606750488281,328.14178466796875,False
3162,0.8287613391876221,Grab-blow,199.09027099609375,85.53280639648438,352.43328857421875,329.9723815917969,False
3163,0.5806729197502136,Grab-blow,191.04446411132812,139.119873046875,399.2251892089844,284.6537170410156,False
3164,0.600692093372345,Grab-blow,188.4202880859375,138.55953979492188,401.5048828125,285.84234619140625,False
3165,0.5175983905792236,Grab-blow,215.1518096923828,138.56625366210938,375.163330078125,295.9189758300781,False
3166,0.5655117630958557,Grab-blow,215.87686157226562,138.35806274414062,375.5351867675781,296.4147644042969,False
3191,0.5768771767616272,F-smash,410.93157958984375,71.21784210205078,461.8302001953125,104.10980987548828,False
3234,0.5045539140701294,Grab-blow,205.10601806640625,98.21728515625,357.92645263671875,437.8233642578125,False
3242,0.514241099357605,F-smash,395.9572448730469,70.47285461425781,453.8836364746094,108.02659606933594,False
3242,0.512898325920105,Grab-blow,176.07749938964844,161.1304168701172,375.38323974609375,326.74224853515625,False
3243,0.5792489647865295,Grab-blow,183.3690185546875,132.07513427734375,429.50341796875,357.37353515625,False
3243,0.5366234183311462,F-smash,397.3036804199219,71.4250717163086,453.4093322753906,108.95771026611328,False
3244,0.5182501077651978,F-smash,397.5348815917969,71.36896514892578,453.5020446777344,108.79239654541016,False
3244,0.5743497610092163,Grab-blow,186.58485412597656,130.4857635498047,424.534912109375,360.19512939453125,False
3250,0.5683375597000122,F-smash,411.3420715332031,73.50210571289062,462.9966735839844,107.95854187011719,False
3251,0.509337306022644,Grab-blow,186.69546508789062,171.08705139160156,364.1810607910156,323.822509765625,False
3252,0.5133202075958252,Grab-blow,188.35060119628906,169.69204711914062,363.4208984375,325.15087890625,False
3253,0.5609502196311951,F-smash,414.3475341796875,72.27593994140625,467.752197265625,107.76741027832031,False
3261,0.5556759834289551,Grab-blow,173.44338989257812,154.27186584472656,370.7668151855469,339.43524169921875,False
3262,0.5577870607376099,Grab-blow,175.487060546875,154.19985961914062,368.2498779296875,339.0855407714844,False
3267,0.6063072681427002,Grab-blow,172.52383422851562,136.41134643554688,366.4134826660156,354.2823181152344,False
3268,0.6217469573020935,Grab-blow,173.53033447265625,130.0813751220703,364.8955078125,359.7633056640625,False
3277,0.503308892250061,Down-B,364.2716369628906,102.99009704589844,390.3974914550781,129.86106872558594,False
3279,0.5242714881896973,Down-B,138.35516357421875,99.8485336303711,188.23468017578125,136.58367919921875,False
3280,0.5262886881828308,Down-B,138.16357421875,99.88651275634766,188.34323120117188,136.5762176513672,False
3291,0.7178789973258972,Grab-blow,151.81396484375,92.35304260253906,346.5911560058594,332.7401123046875,False
3292,0.7134791016578674,Grab-blow,152.71986389160156,93.08445739746094,344.88812255859375,332.68505859375,False
3302,0.5093581676483154,F-smash,397.10650634765625,73.7354965209961,454.05859375,108.47016143798828,False
3303,0.6174636483192444,F-smash,398.07952880859375,73.12609100341797,452.356689453125,109.28421783447266,False
3304,0.5187655687332153,F-smash,398.5399475097656,72.1827392578125,452.8688049316406,109.5399169921875,False
3305,0.5682119727134705,F-smash,397.686767578125,72.19976043701172,452.69366455078125,108.6327896118164,False
3306,0.5696595311164856,F-smash,396.82275390625,71.78828430175781,452.71630859375,108.88999938964844,False
3308,0.6318067312240601,F-smash,398.12701416015625,72.04434967041016,451.510498046875,107.8692855834961,False
3309,0.6635433435440063,F-smash,398.0721740722656,73.29676818847656,452.5183410644531,107.41688537597656,False
3310,0.631181001663208,F-smash,398.5193176269531,72.9747314453125,452.0969543457031,107.41571044921875,False
3321,0.5084275007247925,F-smash,409.10052490234375,74.21453857421875,463.6888427734375,107.01284790039062,False
3322,0.5152106285095215,F-smash,408.9803771972656,74.50000762939453,463.8020324707031,106.59418487548828,False
3330,0.5268298983573914,Grab-blow,228.80160522460938,164.81887817382812,379.2571105957031,261.3898010253906,False
3331,0.6767058968544006,F-smash,413.26617431640625,73.02206420898438,468.62481689453125,108.23251342773438,False
3332,0.6880455613136292,F-smash,413.0269470214844,72.93365478515625,468.7165832519531,108.88189697265625,False
3392,0.5280717611312866,Notwaza,61.83854675292969,288.8453063964844,151.7535858154297,331.5840759277344,False
3393,0.5382885932922363,Notwaza,61.96822738647461,288.7225341796875,151.15771484375,331.45068359375,False
3397,0.5055079460144043,Notwaza,62.18319320678711,289.16583251953125,150.98269653320312,331.7144775390625,False
3398,0.5257188081741333,Notwaza,62.12794494628906,289.3347473144531,151.2152099609375,331.3997497558594,False
3401,0.5559354424476624,Grab-blow,261.7981872558594,141.29562377929688,405.8937683105469,297.1710205078125,False
3402,0.5437378883361816,Grab-blow,262.5371398925781,141.45584106445312,405.3760681152344,296.6235046386719,False
3403,0.5070353746414185,Notwaza,63.3211669921875,289.96734619140625,150.1460418701172,332.3438720703125,False
3405,0.5465202331542969,Notwaza,62.772857666015625,290.0263977050781,150.15280151367188,331.3755187988281,False
3405,0.7431598901748657,Grab-blow,247.04505920410156,119.39067840576172,422.19805908203125,310.6602783203125,False
3406,0.7443274259567261,Grab-blow,247.17190551757812,114.6546630859375,420.8907775878906,314.48712158203125,False
3406,0.5700064301490784,Notwaza,63.611202239990234,289.5906066894531,149.8950958251953,331.7671203613281,False
3407,0.5422458648681641,Notwaza,63.276851654052734,289.6895751953125,149.76002502441406,331.59521484375,False
3408,0.5662158727645874,Notwaza,63.13995361328125,289.5831604003906,149.91958618164062,331.1673278808594,False
3421,0.536569356918335,Notwaza,63.42207717895508,289.3165588378906,150.06072998046875,331.5558166503906,False
3431,0.5060795545578003,Notwaza,64.03105163574219,288.9805603027344,149.36419677734375,332.4045104980469,False
3435,0.5000258088111877,Notwaza,63.56394577026367,288.7679748535156,150.15252685546875,332.2571716308594,False
3444,0.5029715895652771,Grab-blow,201.61907958984375,146.47996520996094,353.68768310546875,322.7060546875,False
3457,0.6569298505783081,Grab-blow,205.0181121826172,153.61289978027344,343.15411376953125,324.25848388671875,False
3458,0.6694251298904419,Grab-blow,202.77813720703125,154.5135498046875,344.9749755859375,323.3717041015625,False
3459,0.6138198375701904,Grab-blow,206.31381225585938,159.5939178466797,340.2887268066406,335.346923828125,False
3460,0.6046663522720337,Grab-blow,203.352294921875,162.5641326904297,342.062744140625,332.21533203125,False
3468,0.5166950821876526,Notwaza,62.87369918823242,288.55487060546875,152.8254852294922,332.450927734375,False
3482,0.6760583519935608,Down-B,196.64688110351562,287.3572998046875,279.0415954589844,333.44659423828125,False
3483,0.6847118139266968,Down-B,197.24725341796875,287.5644836425781,278.3924865722656,333.5127258300781,False
3484,0.8476636409759521,Down-B,199.07513427734375,284.97296142578125,279.0613098144531,331.7939453125,False
3501,0.61264568567276,Down-B,203.14041137695312,292.0291442871094,280.2945251464844,319.6020812988281,False
3502,0.6518858671188354,Down-B,202.8397979736328,292.08917236328125,280.538818359375,319.565185546875,False
3527,0.512355625629425,Down-B,121.40826416015625,288.9041442871094,153.762939453125,315.8110656738281,False
3528,0.5453004837036133,Down-B,121.5020523071289,288.7684020996094,153.67453002929688,316.0807800292969,False
3541,0.558992862701416,Down-B,201.8575439453125,286.92803955078125,280.3931579589844,316.01019287109375,False
3542,0.5426022410392761,Down-B,201.013427734375,286.74749755859375,281.21319580078125,315.80462646484375,False
3543,0.5361945629119873,Down-B,206.44937133789062,291.3892517089844,279.3201599121094,321.0372619628906,False
3544,0.5374267101287842,Down-B,205.96092224121094,291.3463134765625,279.67340087890625,321.11065673828125,False
3545,0.5454743504524231,Down-B,206.11264038085938,292.0208740234375,277.6913146972656,321.1192626953125,False
3546,0.5358178019523621,Down-B,206.1234588623047,292.0305480957031,277.7925720214844,320.6391906738281,False
3555,0.5498368740081787,Side-B,303.70526123046875,91.139892578125,327.2694091796875,111.34648132324219,False
3555,0.5443146228790283,Down-B,205.4745330810547,292.964599609375,277.3446044921875,320.28436279296875,False
3556,0.5463618040084839,Down-B,205.05551147460938,293.0313720703125,277.80633544921875,320.17633056640625,False
3556,0.5462418794631958,Side-B,303.4554138183594,91.61358642578125,327.4999084472656,111.01467895507812,False
3577,0.8441432118415833,Down-B,201.70335388183594,283.664794921875,276.1797790527344,331.2913818359375,False
3578,0.8369229435920715,Down-B,201.19752502441406,283.9754943847656,276.8973083496094,331.4023132324219,False
3579,0.7855942845344543,Down-B,197.45440673828125,287.19281005859375,277.6991882324219,331.72467041015625,False
3580,0.7801922559738159,Down-B,197.6669921875,287.2436218261719,278.1093444824219,332.0457458496094,False
3596,0.8104360699653625,Grab-blow,188.27761840820312,127.3001708984375,424.3058776855469,290.76953125,False
3597,0.8176729083061218,Grab-blow,184.2083740234375,131.86795043945312,426.9215087890625,287.1565246582031,False
3619,0.5631292462348938,F-smash,414.8901062011719,69.40702819824219,468.5534973144531,106.06846618652344,False
3652,0.5315999388694763,Grab-blow,206.81411743164062,159.557373046875,519.0780029296875,269.0599670410156,False
3653,0.5327509045600891,Grab-blow,207.4967498779297,159.93927001953125,519.1041870117188,268.89959716796875,False
3678,0.5450614094734192,D-throw,152.06825256347656,25.199148178100586,184.54661560058594,85.75904083251953,False
3679,0.6114303469657898,D-throw,151.81170654296875,24.39425277709961,184.25650024414062,86.13484191894531,False
3733,0.7351707220077515,Grab-blow,53.00982666015625,40.002220153808594,182.6116943359375,251.55032348632812,False
3734,0.7084908485412598,Grab-blow,54.2114372253418,34.751495361328125,181.744140625,256.9922790527344,False
3735,0.6523466110229492,Grab-blow,37.74803161621094,44.447021484375,198.72813415527344,259.88336181640625,False
3736,0.6815688610076904,Grab-blow,40.92254638671875,42.75615692138672,196.6781463623047,261.03851318359375,False
3739,0.540086567401886,Grab-blow,41.2779541015625,75.5095443725586,186.45672607421875,221.1826171875,False
3740,0.5624342560768127,Grab-blow,42.245140075683594,68.38883972167969,187.72857666015625,228.0819549560547,False
3742,0.5034011006355286,U-smash,197.5016326904297,293.5031433105469,284.9158935546875,334.2998352050781,False
3745,0.5312684178352356,Grab-blow,33.74419021606445,40.86925506591797,146.59629821777344,253.72100830078125,False
3746,0.5234637260437012,F-smash,396.83367919921875,71.48606872558594,453.73968505859375,107.91346740722656,False
3746,0.5407595038414001,Grab-blow,34.92540740966797,45.87915802001953,145.41925048828125,247.8397216796875,False
3747,0.5236453413963318,Grab-blow,272.5517272949219,83.66761779785156,458.0081481933594,356.82293701171875,False
3747,0.5498256087303162,Grab-blow,23.062274932861328,65.77143096923828,150.83546447753906,222.87283325195312,False
3748,0.5175581574440002,Grab-blow,273.3815002441406,83.00175476074219,458.0098571777344,357.52044677734375,False
3748,0.5698341727256775,Grab-blow,22.508132934570312,69.25798034667969,150.2176513671875,220.13673400878906,False
3749,0.6106036901473999,Grab-blow,29.336448669433594,75.23245239257812,142.33218383789062,213.02557373046875,False
3750,0.6184420585632324,Grab-blow,29.875808715820312,76.30168151855469,141.12380981445312,211.14976501464844,False
3751,0.6273945569992065,Grab-blow,30.40371322631836,79.0860824584961,141.18429565429688,208.71371459960938,False
3752,0.6293262243270874,Grab-blow,29.592578887939453,77.89907836914062,141.94630432128906,210.31890869140625,False
3753,0.6300148963928223,Grab-blow,30.145763397216797,73.34497833251953,142.27029418945312,214.17111206054688,False
3754,0.7202454209327698,Grab-blow,18.67070770263672,84.84767150878906,146.99484252929688,205.04698181152344,False
3755,0.7326672673225403,Grab-blow,16.17059326171875,84.35757446289062,148.54495239257812,204.9703369140625,False
3756,0.7438188791275024,Grab-blow,20.947368621826172,85.6470947265625,143.78456115722656,208.33456420898438,False
3757,0.7443447113037109,Grab-blow,20.526344299316406,85.65437316894531,142.57675170898438,210.3262481689453,False
3758,0.7150784730911255,Grab-blow,17.37262725830078,93.54884338378906,142.99551391601562,204.4167022705078,False
3759,0.710801899433136,Grab-blow,19.639739990234375,93.60086059570312,142.09568786621094,203.4644775390625,False
3762,0.5535334944725037,Grab-blow,-7.517143249511719,107.65766906738281,161.08749389648438,187.7909393310547,False
3763,0.5458401441574097,Grab-blow,-5.5170135498046875,107.8740234375,158.263427734375,186.76202392578125,False
3767,0.5969408750534058,Grab-blow,315.11932373046875,141.4980010986328,437.703125,324.3175048828125,False
3768,0.5845816135406494,Grab-blow,317.62969970703125,139.2395782470703,436.55029296875,326.0220947265625,False
3777,0.6014944314956665,F-smash,379.363525390625,72.7364501953125,430.5941162109375,107.43667602539062,False
3780,0.5041801929473877,F-smash,378.30401611328125,73.19613647460938,430.27801513671875,107.04362487792969,False
3827,0.5842757821083069,Grab-blow,60.00680923461914,128.9315185546875,163.48477172851562,221.33233642578125,False
3828,0.5075879096984863,Grab-blow,59.38528060913086,129.27423095703125,164.56076049804688,221.32891845703125,False
3842,0.5012284517288208,Grab-blow,49.669525146484375,126.8194351196289,169.1173858642578,219.6734619140625,False
3843,0.5296785235404968,Grab-blow,54.82113265991211,124.80476379394531,164.3478546142578,220.48731994628906,False
3844,0.602757453918457,Grab-blow,54.973995208740234,124.51441192626953,165.00550842285156,220.68545532226562,False
3887,0.5419571995735168,Grab-blow,76.61532592773438,180.55142211914062,138.4048309326172,223.0986328125,False
3888,0.5949270129203796,Grab-blow,77.205322265625,180.5052490234375,138.07432556152344,223.087158203125,False
4057,0.5030382871627808,Notwaza,39.55242919921875,179.7798309326172,101.22706604003906,218.8210906982422,False
